date,target_pm25,neighbor_avg_pm25,temperature,humidity,wind_speed
2023-06-27,35.9,40.7,32.7,84.6,19.4
2023-06-28,42.1,44.3,31.8,85.4,8.0
2023-06-29,42.3,50.0,33.0,75.0,19.3
2023-06-30,40.8,39.2,34.3,89.6,19.9
2023-07-01,44.8,48.3,31.6,86.7,15.7
2023-07-02,31.3,38.6,31.6,89.9,19.7
2023-07-03,51.0,53.4,34.3,70.4,13.5
2023-07-04,44.2,43.1,33.1,95.3,8.9
2023-07-05,49.7,50.2,31.3,84.2,11.6
2023-07-06,36.6,38.2,32.8,90.4,13.9
2023-07-07,45.1,44.1,31.2,79.6,6.1
2023-07-08,40.6,43.0,31.2,87.8,14.3
2023-07-09,36.6,45.1,32.3,79.4,19.7
2023-07-10,51.5,51.3,29.0,81.5,7.9
2023-07-11,35.6,37.5,29.3,94.1,16.9
2023-07-12,42.3,47.5,31.0,83.5,18.6
2023-07-13,39.6,42.9,30.3,85.5,19.2
2023-07-14,34.4,34.3,32.3,88.7,19.4
2023-07-15,44.3,46.6,30.4,86.8,12.8
2023-07-16,33.4,37.0,29.7,85.0,19.7
2023-07-17,50.0,56.2,34.0,85.9,16.4
2023-07-18,31.1,29.7,31.4,96.0,7.4
2023-07-19,45.3,50.7,31.8,83.6,12.2
2023-07-20,30.1,32.9,29.6,84.8,15.8
2023-07-21,43.0,41.4,30.8,89.0,8.7
2023-07-22,39.0,37.9,31.8,89.2,14.6
2023-07-23,46.6,55.4,29.9,89.5,15.0
2023-07-24,41.9,42.9,32.1,86.6,7.4
2023-07-25,47.9,53.4,30.6,77.6,13.5
2023-07-26,31.6,29.8,31.1,91.3,16.6
2023-07-27,48.8,59.2,30.6,77.3,12.5
2023-07-28,44.8,48.5,34.2,84.4,5.2
2023-07-29,48.0,48.3,31.4,79.0,5.1
2023-07-30,41.4,42.6,29.8,82.3,10.4
2023-07-31,42.4,48.4,32.6,84.1,18.9
2023-08-01,49.7,53.5,29.5,84.0,8.4
2023-08-02,41.5,45.0,31.6,84.3,14.5
2023-08-03,37.8,39.5,28.3,90.1,8.3
2023-08-04,39.3,42.9,29.2,84.2,9.8
2023-08-05,31.7,30.0,31.4,80.5,17.7
2023-08-06,26.3,28.4,32.2,86.4,15.9
2023-08-07,51.2,47.6,31.3,87.4,6.4
2023-08-08,40.4,44.5,30.8,75.1,11.4
2023-08-09,44.1,43.1,30.5,84.1,5.4
2023-08-10,47.6,45.4,28.7,84.4,12.2
2023-08-11,35.9,36.6,29.8,79.2,14.9
2023-08-12,39.7,41.5,30.1,87.4,6.8
2023-08-13,41.3,42.6,32.3,79.6,9.3
2023-08-14,35.2,33.8,31.2,80.8,11.0
2023-08-15,36.3,34.9,28.0,79.1,18.8
2023-08-16,31.5,35.7,31.1,79.9,19.9
2023-08-17,42.6,42.0,30.0,74.1,5.7
2023-08-18,33.6,36.1,29.5,72.2,16.4
2023-08-19,39.0,40.6,31.4,87.2,10.6
2023-08-20,40.7,44.2,31.9,74.7,10.9
2023-08-21,33.2,39.0,31.7,73.8,16.3
2023-08-22,32.4,36.6,29.0,67.8,18.8
2023-08-23,32.5,35.4,29.8,75.1,19.3
2023-08-24,36.6,39.4,30.7,71.5,13.7
2023-08-25,38.6,39.6,31.6,86.1,10.4
2023-08-26,29.9,28.4,29.3,82.7,16.8
2023-08-27,45.4,50.4,29.7,74.0,8.8
2023-08-28,35.4,40.8,28.3,88.5,13.5
2023-08-29,35.2,43.3,28.1,81.9,10.4
2023-08-30,36.3,46.1,31.0,75.2,14.8
2023-08-31,40.0,38.2,31.8,64.1,8.6
2023-09-01,29.7,30.2,29.6,87.8,7.9
2023-09-02,32.9,44.2,31.1,69.1,18.8
2023-09-03,35.7,36.9,30.1,67.6,6.5
2023-09-04,39.0,42.3,28.5,80.7,12.6
2023-09-05,35.6,32.7,30.0,87.6,8.3
2023-09-06,43.1,44.7,31.7,82.0,5.6
2023-09-07,36.2,43.1,29.2,77.7,5.5
2023-09-08,37.7,43.1,31.6,77.6,7.6
2023-09-09,34.7,36.5,25.2,78.7,18.0
2023-09-10,34.0,34.7,30.3,77.9,9.2
2023-09-11,24.3,24.8,29.2,75.3,19.3
2023-09-12,34.8,35.0,28.5,74.2,13.7
2023-09-13,36.2,32.8,29.0,73.1,11.5
2023-09-14,28.5,31.0,25.9,69.4,13.7
2023-09-15,21.6,28.6,28.4,71.5,12.8
2023-09-16,25.9,30.2,29.2,64.2,16.4
2023-09-17,36.9,42.9,30.9,71.9,9.2
2023-09-18,28.9,34.2,27.8,67.2,10.3
2023-09-19,25.9,28.0,27.3,66.3,18.4
2023-09-20,21.1,22.7,27.7,72.5,19.2
2023-09-21,14.4,15.9,29.7,78.3,18.4
2023-09-22,26.3,23.4,28.8,75.7,11.3
2023-09-23,29.5,33.0,27.4,63.0,16.7
2023-09-24,17.3,11.0,28.9,65.6,12.1
2023-09-25,28.8,33.1,28.2,75.0,12.5
2023-09-26,25.8,27.6,29.5,65.2,8.1
2023-09-27,29.3,33.5,26.9,68.7,13.9
2023-09-28,34.0,38.7,27.4,72.3,7.8
2023-09-29,28.2,30.8,27.2,64.4,10.0
2023-09-30,21.0,29.5,25.5,69.6,17.8
2023-10-01,25.9,29.4,28.1,62.1,8.1
2023-10-02,24.1,23.0,28.0,65.5,6.1
2023-10-03,38.5,39.0,27.5,69.9,6.0
2023-10-04,15.8,12.8,27.1,60.0,19.1
2023-10-05,31.8,31.6,25.3,70.0,12.6
2023-10-06,20.6,21.7,26.7,67.4,11.1
2023-10-07,22.0,27.1,26.7,70.0,17.2
2023-10-08,13.2,14.5,26.0,68.1,17.5
2023-10-09,26.6,24.8,26.9,73.6,10.0
2023-10-10,18.2,15.6,27.7,67.1,15.4
2023-10-11,17.2,18.8,29.8,64.1,16.6
2023-10-12,22.6,31.4,27.2,66.6,14.8
2023-10-13,22.6,24.9,27.2,68.5,7.3
2023-10-14,9.0,15.4,26.7,65.7,18.1
2023-10-15,23.5,23.5,23.9,65.4,13.1
2023-10-16,17.0,14.2,26.6,61.5,9.2
2023-10-17,23.2,21.8,26.7,61.4,11.4
2023-10-18,30.1,30.9,30.2,57.5,5.6
2023-10-19,20.3,15.7,26.2,73.0,6.9
2023-10-20,21.5,21.8,26.9,57.8,16.5
2023-10-21,26.5,25.8,26.3,60.3,5.0
2023-10-22,15.3,13.5,24.5,60.0,11.2
2023-10-23,23.3,19.5,27.9,67.8,12.8
2023-10-24,16.4,18.4,27.3,61.6,5.8
2023-10-25,8.0,12.0,27.3,69.1,19.6
2023-10-26,18.3,22.4,24.7,59.3,8.4
2023-10-27,20.6,19.2,28.1,63.8,9.6
2023-10-28,23.3,27.5,23.8,58.0,9.6
2023-10-29,22.0,28.3,26.7,72.7,8.5
2023-10-30,21.8,23.6,29.1,55.8,5.0
2023-10-31,9.4,10.8,24.3,63.1,15.9
2023-11-01,5.0,9.3,24.8,64.5,19.5
2023-11-02,9.5,9.2,25.8,63.2,8.4
2023-11-03,19.5,20.0,24.8,60.0,14.9
2023-11-04,5.0,10.3,23.2,60.1,16.1
2023-11-05,5.0,8.1,25.6,60.7,17.7
2023-11-06,18.1,24.0,23.8,59.6,11.3
2023-11-07,13.9,14.5,26.1,64.9,9.5
2023-11-08,16.2,17.2,23.9,71.0,9.9
2023-11-09,10.7,12.1,27.6,57.0,15.7
2023-11-10,14.1,14.1,24.0,52.7,17.3
2023-11-11,14.8,18.8,24.7,58.9,7.7
2023-11-12,12.6,21.3,26.3,72.1,10.6
2023-11-13,5.0,7.6,23.2,55.0,18.5
2023-11-14,6.8,8.1,25.4,67.0,17.1
2023-11-15,5.0,6.7,26.9,67.1,19.8
2023-11-16,5.0,6.2,22.5,55.7,16.3
2023-11-17,12.7,19.8,25.2,61.2,10.9
2023-11-18,9.5,10.1,25.2,66.3,13.9
2023-11-19,13.2,14.4,26.0,56.1,14.9
2023-11-20,19.4,16.9,22.9,56.8,6.2
2023-11-21,10.1,13.7,22.7,54.8,13.2
2023-11-22,5.0,7.9,25.5,52.5,15.6
2023-11-23,18.6,16.7,25.1,54.2,7.5
2023-11-24,6.6,7.3,25.0,51.2,16.7
2023-11-25,5.0,12.4,25.1,57.3,13.8
2023-11-26,5.0,9.0,23.5,53.2,19.3
2023-11-27,5.0,6.4,24.9,58.1,5.6
2023-11-28,10.1,12.3,24.9,49.0,9.0
2023-11-29,5.0,12.0,23.4,58.3,14.0
2023-11-30,5.0,5.0,27.2,60.7,9.4
2023-12-01,5.0,7.0,25.1,46.5,15.7
2023-12-02,5.0,7.8,22.6,58.2,16.4
2023-12-03,7.7,5.0,25.3,62.3,6.5
2023-12-04,5.0,5.0,22.8,50.1,12.7
2023-12-05,5.0,10.7,25.5,64.4,12.6
2023-12-06,5.0,9.4,26.0,58.0,10.5
2023-12-07,5.0,11.6,23.0,52.3,19.0
2023-12-08,5.0,6.7,25.6,55.5,17.4
2023-12-09,5.0,6.7,24.8,58.5,15.5
2023-12-10,5.0,5.0,25.4,56.0,15.7
2023-12-11,5.0,10.2,27.0,58.2,11.9
2023-12-12,5.0,12.1,23.8,50.9,18.8
2023-12-13,5.0,11.3,23.0,56.3,15.4
2023-12-14,5.0,13.0,22.8,48.3,15.9
2023-12-15,5.0,9.9,22.9,54.7,17.9
2023-12-16,5.0,11.5,23.9,50.7,9.1
2023-12-17,5.0,7.8,24.6,51.5,17.1
2023-12-18,5.0,5.0,24.5,61.3,7.9
2023-12-19,5.0,9.6,25.3,60.6,10.2
2023-12-20,7.4,5.0,24.0,58.1,10.0
2023-12-21,5.0,9.4,26.2,49.6,19.7
2023-12-22,5.0,11.4,23.6,53.5,17.8
2023-12-23,5.0,9.1,28.1,61.1,15.5
2023-12-24,5.0,15.0,24.9,55.7,15.9
2023-12-25,5.0,5.0,22.7,66.6,13.4
2023-12-26,5.0,8.6,22.4,57.0,19.2
2023-12-27,5.0,7.5,24.7,56.0,12.4
2023-12-28,5.0,5.0,23.7,53.5,10.7
2023-12-29,5.0,5.0,25.1,55.7,7.4
2023-12-30,5.0,5.8,24.7,54.3,16.8
2023-12-31,5.0,5.0,23.9,58.6,16.0
2024-01-01,6.0,7.8,22.7,59.9,10.8
2024-01-02,5.0,5.0,21.8,51.2,5.4
2024-01-03,5.0,9.5,23.4,48.5,17.6
2024-01-04,5.0,8.0,25.3,46.0,5.2
2024-01-05,5.0,9.9,24.4,57.7,15.6
2024-01-06,5.0,7.7,22.2,49.7,19.6
2024-01-07,5.0,8.2,24.3,44.5,11.6
2024-01-08,5.0,9.8,24.7,57.3,8.5
2024-01-09,5.0,9.5,22.8,67.9,15.6
2024-01-10,5.0,14.0,24.4,55.4,17.3
2024-01-11,5.0,10.6,24.2,59.7,13.2
2024-01-12,5.0,14.1,22.4,56.0,19.5
2024-01-13,5.8,5.0,24.7,55.2,5.8
2024-01-14,5.0,7.8,25.0,60.3,12.6
2024-01-15,5.0,7.2,25.8,54.4,15.8
2024-01-16,5.0,8.2,25.8,57.3,17.9
2024-01-17,5.0,5.0,22.2,57.6,7.7
2024-01-18,5.0,9.6,22.9,52.8,17.0
2024-01-19,5.0,5.0,25.1,61.2,13.3
2024-01-20,5.0,8.4,25.1,55.4,10.9
2024-01-21,5.0,5.0,25.2,52.6,7.0
2024-01-22,5.0,7.1,30.2,59.2,18.0
2024-01-23,5.0,7.8,25.3,52.2,7.4
2024-01-24,5.0,7.2,26.2,56.9,9.6
2024-01-25,5.0,10.0,25.9,56.8,9.4
2024-01-26,5.0,5.7,25.5,62.4,18.1
2024-01-27,5.0,7.8,24.1,59.5,15.1
2024-01-28,5.0,11.1,25.7,57.2,17.0
2024-01-29,5.0,7.8,23.5,61.5,8.8
2024-01-30,5.0,9.2,24.3,64.5,14.4
2024-01-31,5.0,11.0,24.0,60.5,13.6
2024-02-01,5.0,7.3,24.9,57.9,17.5
2024-02-02,5.0,6.9,28.3,51.5,18.6
2024-02-03,5.0,7.8,22.0,52.8,5.2
2024-02-04,5.0,7.6,25.9,56.8,15.1
2024-02-05,5.0,9.5,22.5,55.5,5.8
2024-02-06,5.0,8.8,24.3,57.7,13.2
2024-02-07,5.0,5.0,26.7,59.1,9.3
2024-02-08,5.0,7.9,25.2,61.7,9.6
2024-02-09,5.0,5.0,23.5,58.8,10.3
2024-02-10,5.0,10.7,24.1,61.8,14.3
2024-02-11,5.0,5.0,26.2,59.9,10.0
2024-02-12,5.0,11.9,24.2,49.9,16.0
2024-02-13,5.0,8.2,25.6,55.2,11.1
2024-02-14,7.9,8.6,25.4,59.4,6.0
2024-02-15,5.0,10.6,24.4,54.3,16.8
2024-02-16,5.0,8.4,28.7,63.5,9.3
2024-02-17,5.0,11.3,26.5,68.4,11.5
2024-02-18,5.0,12.0,22.5,67.0,15.3
2024-02-19,5.0,8.1,25.9,60.1,10.0
2024-02-20,11.0,9.5,24.7,68.8,5.8
2024-02-21,5.0,5.5,27.0,62.3,10.6
2024-02-22,5.0,8.6,24.6,60.1,19.2
2024-02-23,5.0,11.2,25.7,58.9,14.6
2024-02-24,5.0,6.6,26.7,60.7,15.1
2024-02-25,5.0,6.8,27.3,60.5,14.5
2024-02-26,6.3,13.5,24.2,63.5,8.0
2024-02-27,7.4,9.4,25.6,63.7,11.3
2024-02-28,5.0,6.3,25.4,63.1,16.3
2024-02-29,5.0,8.6,25.2,65.5,6.5
2024-03-01,7.4,9.1,28.9,69.5,9.2
2024-03-02,5.0,5.0,27.0,68.5,9.1
2024-03-03,5.0,10.4,24.5,56.6,11.5
2024-03-04,5.0,6.7,27.9,51.5,19.7
2024-03-05,18.7,20.0,29.7,69.2,6.0
2024-03-06,5.0,7.4,28.2,57.9,12.8
2024-03-07,5.0,7.2,24.4,63.9,7.7
2024-03-08,5.0,5.0,26.0,59.4,19.6
2024-03-09,13.8,14.2,28.7,56.5,6.7
2024-03-10,15.0,20.5,25.8,68.4,11.1
2024-03-11,5.0,12.0,27.6,69.8,16.1
2024-03-12,5.0,5.1,28.2,63.3,15.6
2024-03-13,15.7,20.7,25.7,53.5,11.3
2024-03-14,6.0,5.7,27.0,64.0,10.2
2024-03-15,5.0,6.1,22.3,68.9,11.0
2024-03-16,5.0,5.8,25.7,59.8,9.0
2024-03-17,12.6,14.5,27.0,68.4,8.1
2024-03-18,6.7,12.2,25.5,67.7,12.2
2024-03-19,9.9,12.5,29.9,70.9,9.0
2024-03-20,14.9,16.4,25.4,68.9,9.3
2024-03-21,5.0,10.9,26.9,63.7,14.9
2024-03-22,7.3,8.8,27.9,74.8,19.5
2024-03-23,5.0,7.6,29.9,68.2,14.1
2024-03-24,23.3,27.5,25.7,69.2,6.2
2024-03-25,16.3,19.2,29.6,64.9,6.1
2024-03-26,5.0,7.5,28.0,67.6,19.3
2024-03-27,5.0,5.0,26.5,65.6,9.5
2024-03-28,17.9,20.1,28.8,69.5,6.4
2024-03-29,5.4,5.0,28.5,79.1,14.0
2024-03-30,8.1,10.3,27.3,64.0,14.4
2024-03-31,12.9,19.4,28.4,63.0,14.7
2024-04-01,17.5,21.1,27.8,78.7,9.0
2024-04-02,22.8,17.8,28.6,70.6,5.2
2024-04-03,5.0,9.5,29.5,68.5,19.5
2024-04-04,21.2,22.0,30.9,77.3,8.8
2024-04-05,7.3,6.5,26.8,69.4,15.1
2024-04-06,5.0,9.1,31.9,81.8,15.6
2024-04-07,5.2,6.6,25.8,76.3,14.2
2024-04-08,16.7,17.2,28.6,70.7,9.7
2024-04-09,10.3,12.5,29.8,84.2,9.1
2024-04-10,12.7,13.6,29.4,70.6,14.0
2024-04-11,11.3,15.2,28.1,77.6,18.0
2024-04-12,8.4,10.4,28.8,75.6,19.2
2024-04-13,16.8,16.5,28.4,80.9,6.6
2024-04-14,12.7,17.1,28.4,82.4,7.3
2024-04-15,10.7,17.9,30.6,75.0,19.2
2024-04-16,5.0,5.0,29.9,71.4,16.0
2024-04-17,8.5,14.4,28.4,77.7,18.2
2024-04-18,16.5,22.3,30.8,72.2,8.0
2024-04-19,14.3,21.8,30.0,85.9,13.8
2024-04-20,14.5,19.1,30.8,76.8,15.5
2024-04-21,21.2,21.1,30.6,74.5,15.2
2024-04-22,27.8,31.9,28.5,77.5,11.1
2024-04-23,20.1,18.6,29.0,70.0,5.2
2024-04-24,29.1,30.8,31.0,72.2,13.7
2024-04-25,18.5,21.4,30.8,83.2,8.8
2024-04-26,22.2,22.2,30.0,74.2,11.8
2024-04-27,18.4,18.9,30.2,72.5,19.4
2024-04-28,34.4,38.0,32.0,80.6,11.0
2024-04-29,14.3,23.4,29.3,84.1,17.6
2024-04-30,16.5,21.7,31.0,81.9,7.8
2024-05-01,27.3,32.5,30.0,83.5,15.1
2024-05-02,13.3,20.2,30.0,75.0,19.7
2024-05-03,26.9,30.2,32.0,71.9,6.5
2024-05-04,23.2,25.6,31.7,86.7,5.1
2024-05-05,23.2,28.2,31.7,77.8,11.5
2024-05-06,25.2,22.4,32.5,78.3,6.4
2024-05-07,24.6,28.4,30.6,86.4,16.2
2024-05-08,20.4,23.9,31.7,82.8,18.7
2024-05-09,22.8,25.3,30.2,82.4,11.5
2024-05-10,32.8,33.2,31.2,91.2,8.9
2024-05-11,28.7,32.6,30.6,77.3,11.5
2024-05-12,14.4,15.1,31.0,85.4,15.9
2024-05-13,37.6,37.0,31.8,81.2,5.1
2024-05-14,27.2,28.0,29.7,82.4,13.8
2024-05-15,32.7,38.1,34.1,88.9,14.2
2024-05-16,26.9,29.8,29.5,84.0,14.6
2024-05-17,27.5,27.8,29.3,84.3,8.6
2024-05-18,24.8,26.9,32.9,87.1,15.7
2024-05-19,38.4,39.7,32.4,80.1,6.4
2024-05-20,29.8,36.3,32.2,77.9,8.0
2024-05-21,23.8,23.7,32.2,77.0,18.2
2024-05-22,27.4,32.6,31.3,72.5,16.1
2024-05-23,29.8,32.2,30.0,92.8,5.2
2024-05-24,30.8,29.9,31.5,77.1,8.7
2024-05-25,35.8,41.8,30.4,81.7,8.2
2024-05-26,40.6,44.1,32.9,81.5,9.1
2024-05-27,36.5,36.7,31.3,84.6,8.7
2024-05-28,37.0,32.6,30.3,87.2,5.9
2024-05-29,28.6,31.7,31.1,87.6,11.9
2024-05-30,36.0,39.1,32.2,80.5,16.0
2024-05-31,34.3,34.0,30.8,82.7,14.1
2024-06-01,27.9,27.8,30.4,85.0,15.1
2024-06-02,43.6,47.4,32.0,82.5,6.2
2024-06-03,30.8,28.8,32.1,91.9,19.3
2024-06-04,26.2,30.6,31.0,86.4,17.6
2024-06-05,30.3,33.1,31.0,87.7,17.1
2024-06-06,28.4,33.4,32.1,87.4,17.3
2024-06-07,42.8,45.7,29.6,90.1,19.0
2024-06-08,37.7,41.2,29.7,85.2,13.2
2024-06-09,41.1,40.5,30.8,77.9,8.0
2024-06-10,36.9,39.6,31.5,86.4,14.3
2024-06-11,40.7,45.4,32.3,81.2,16.1
2024-06-12,33.7,37.3,34.1,81.9,16.1
2024-06-13,33.4,37.1,33.2,87.6,12.8
2024-06-14,46.0,44.4,31.7,90.9,6.0
2024-06-15,38.1,38.4,31.9,84.8,10.6
2024-06-16,27.1,29.1,30.4,86.3,18.8
2024-06-17,29.7,31.6,31.9,93.3,13.8
2024-06-18,45.1,51.8,31.5,86.1,13.1
2024-06-19,40.4,41.2,32.5,97.9,9.0
2024-06-20,36.8,35.5,30.7,87.7,10.5
2024-06-21,33.7,39.0,32.8,76.1,18.4
2024-06-22,40.6,47.6,34.3,88.7,15.0
2024-06-23,34.0,33.5,31.8,86.9,16.8
2024-06-24,31.9,40.2,32.6,91.4,11.8
2024-06-25,39.2,43.3,33.0,88.4,14.5
2024-06-26,48.7,53.6,31.4,84.3,8.7
2024-06-27,43.6,51.1,32.3,78.9,15.6
2024-06-28,38.1,43.3,32.0,83.9,11.4
2024-06-29,47.5,49.5,32.1,80.7,11.6
2024-06-30,39.8,46.4,30.8,82.1,14.7
2024-07-01,41.0,45.6,32.0,87.9,19.0
2024-07-02,47.7,52.2,32.7,93.3,6.0
2024-07-03,28.9,36.0,34.1,86.9,17.4
2024-07-04,52.5,51.1,33.4,78.9,9.4
2024-07-05,41.5,46.2,35.2,87.0,11.7
2024-07-06,48.9,49.5,30.8,90.8,5.3
2024-07-07,37.0,39.3,33.2,81.7,9.5
2024-07-08,43.7,46.6,32.2,84.0,12.5
2024-07-09,52.0,53.4,35.2,84.7,5.8
2024-07-10,51.4,58.5,30.7,80.6,12.4
2024-07-11,42.9,42.6,30.6,87.7,18.9
2024-07-12,49.0,45.1,31.0,83.8,6.6
2024-07-13,30.3,27.8,28.6,86.5,16.5
2024-07-14,43.7,49.1,31.0,79.8,11.1
2024-07-15,36.9,37.6,30.6,82.0,14.8
2024-07-16,45.2,47.4,32.0,87.7,8.9
2024-07-17,39.8,40.9,32.3,82.2,7.4
2024-07-18,43.8,42.6,34.5,92.6,7.4
2024-07-19,44.4,48.1,33.1,81.8,6.1
2024-07-20,42.5,43.7,30.8,84.9,7.8
2024-07-21,36.5,38.8,30.3,88.3,15.0
2024-07-22,37.1,41.4,32.3,76.4,18.2
2024-07-23,40.1,45.7,29.6,74.6,17.2
2024-07-24,27.6,27.8,34.3,75.7,15.3
2024-07-25,33.7,37.7,33.3,89.5,6.7
2024-07-26,42.6,48.8,30.8,80.3,9.3
2024-07-27,41.5,39.1,28.9,95.7,9.6
2024-07-28,45.6,48.2,33.4,80.0,8.7
2024-07-29,37.4,39.1,31.2,83.6,12.7
2024-07-30,40.1,44.8,33.2,90.2,13.0
2024-07-31,42.6,41.0,28.9,92.4,10.4
2024-08-01,38.2,45.1,30.4,92.5,10.3
2024-08-02,41.6,40.2,31.2,88.1,17.4
2024-08-03,37.9,40.5,31.2,87.0,16.8
2024-08-04,45.6,48.8,30.5,84.7,9.6
2024-08-05,35.7,37.4,32.0,85.5,18.7
2024-08-06,46.0,47.3,29.4,78.7,19.3
2024-08-07,46.0,48.6,30.8,77.2,9.9
2024-08-08,39.7,42.0,31.1,81.1,10.3
2024-08-09,44.4,46.9,31.7,80.0,12.6
2024-08-10,26.9,33.3,31.9,78.5,19.1
2024-08-11,35.7,38.2,29.1,84.0,18.1
2024-08-12,45.7,48.0,28.5,85.1,6.5
2024-08-13,41.6,42.2,32.6,80.6,10.9
2024-08-14,36.5,36.6,31.2,87.4,13.3
2024-08-15,34.8,36.5,29.5,74.1,12.5
2024-08-16,39.0,39.1,32.9,78.6,7.9
2024-08-17,35.5,37.8,30.7,75.8,17.9
2024-08-18,32.0,38.6,32.2,69.8,15.2
2024-08-19,43.4,46.2,30.5,78.6,17.6
2024-08-20,20.9,22.5,33.4,78.2,17.9
2024-08-21,32.8,36.1,32.9,86.1,16.2
2024-08-22,38.9,41.6,29.9,81.5,11.6
2024-08-23,39.5,38.7,31.6,73.0,14.2
2024-08-24,36.1,36.7,31.1,87.2,7.4
2024-08-25,40.3,42.3,32.1,83.8,15.1
2024-08-26,33.6,34.7,28.5,80.4,7.7
2024-08-27,31.8,37.0,31.0,76.1,15.4
2024-08-28,43.4,45.5,31.5,72.2,8.4
2024-08-29,46.3,51.3,27.2,74.9,6.8
2024-08-30,32.5,34.0,28.0,82.0,7.5
2024-08-31,54.0,60.4,26.6,85.7,5.0
2024-09-01,27.6,29.4,29.2,83.8,15.8
2024-09-02,26.1,27.0,30.6,73.4,16.0
2024-09-03,37.8,42.0,31.7,70.0,12.7
2024-09-04,36.9,42.5,29.5,76.1,7.4
2024-09-05,37.8,34.9,31.8,66.3,6.3
2024-09-06,42.7,43.1,27.2,76.5,5.3
2024-09-07,30.2,29.9,26.7,73.9,7.5
2024-09-08,20.5,24.6,29.1,72.1,18.4
2024-09-09,34.1,35.8,29.7,66.2,8.6
2024-09-10,39.7,45.8,29.0,76.5,10.3
2024-09-11,34.8,35.7,25.9,71.0,6.6
2024-09-12,44.1,49.9,28.8,67.5,8.3
2024-09-13,39.1,40.7,26.9,58.8,12.8
2024-09-14,31.7,37.3,29.8,72.7,14.1
2024-09-15,35.1,37.5,29.3,81.5,8.7
2024-09-16,36.8,43.1,27.2,80.7,5.9
2024-09-17,32.9,30.6,27.8,69.8,10.9
2024-09-18,31.8,30.1,26.9,68.9,8.5
2024-09-19,31.7,38.9,28.3,74.0,8.3
2024-09-20,19.1,20.8,29.8,66.4,19.4
2024-09-21,16.5,17.4,26.8,72.6,14.2
2024-09-22,33.2,33.3,29.0,74.7,13.4
2024-09-23,29.6,35.3,27.4,76.7,11.2
2024-09-24,29.0,27.5,26.9,69.8,11.4
2024-09-25,29.3,32.0,27.9,69.0,13.1
2024-09-26,21.2,23.5,26.4,65.4,15.4
2024-09-27,19.9,26.1,27.0,65.4,15.5
2024-09-28,29.2,29.0,26.0,68.2,7.6
2024-09-29,32.8,36.6,30.7,70.9,12.5
2024-09-30,20.5,19.2,27.7,73.3,11.2
2024-10-01,8.2,18.6,26.6,64.5,18.1
2024-10-02,20.1,22.2,27.9,75.7,14.5
2024-10-03,30.1,32.7,27.3,66.6,13.0
2024-10-04,20.2,26.5,27.1,67.6,6.7
2024-10-05,17.0,18.1,28.3,63.8,14.1
2024-10-06,30.6,36.9,28.4,55.1,6.8
2024-10-07,37.4,38.2,26.4,71.4,10.1
2024-10-08,19.8,23.2,26.3,70.4,7.1
2024-10-09,13.1,14.4,26.6,65.1,15.4
2024-10-10,27.0,24.6,23.5,66.6,8.1
2024-10-11,28.5,31.9,24.7,68.6,10.9
2024-10-12,13.9,19.6,28.9,57.9,18.4
2024-10-13,16.3,14.0,29.3,62.8,8.1
2024-10-14,21.9,23.5,26.4,69.2,12.6
2024-10-15,24.5,30.3,27.5,58.7,11.3
2024-10-16,33.9,36.8,27.1,66.2,5.3
2024-10-17,19.5,21.6,31.2,57.7,16.9
2024-10-18,27.7,27.1,28.2,66.6,6.0
2024-10-19,17.2,25.5,26.2,63.9,12.1
2024-10-20,30.1,28.4,24.9,55.7,13.4
2024-10-21,13.3,16.0,23.9,69.4,14.4
2024-10-22,12.0,10.7,26.5,59.7,15.3
2024-10-23,29.0,34.7,25.0,59.1,8.8
2024-10-24,14.6,15.6,24.0,63.9,5.1
2024-10-25,5.0,8.7,25.1,68.4,15.9
2024-10-26,16.0,26.9,24.4,57.3,13.0
2024-10-27,10.9,12.6,28.5,62.5,17.5
2024-10-28,9.3,18.0,27.2,64.1,17.3
2024-10-29,14.6,17.0,25.8,65.2,17.6
2024-10-30,9.3,11.0,28.0,62.4,12.3
2024-10-31,15.8,25.8,25.8,59.5,10.0
2024-11-01,8.1,11.0,24.3,57.0,16.9
2024-11-02,8.6,6.9,27.9,61.4,11.8
2024-11-03,16.2,18.6,26.3,55.4,7.8
2024-11-04,13.2,16.3,23.9,45.9,17.8
2024-11-05,17.2,21.9,25.1,62.5,18.2
2024-11-06,13.8,15.8,24.1,64.6,12.0
2024-11-07,5.0,12.9,23.2,48.1,6.1
2024-11-08,11.9,15.7,26.7,54.7,10.8
2024-11-09,6.1,6.3,28.1,62.7,17.1
2024-11-10,8.3,12.4,23.1,69.7,18.5
2024-11-11,13.5,12.8,26.0,59.3,8.1
2024-11-12,20.5,21.0,24.1,55.4,6.0
2024-11-13,5.8,6.7,24.3,57.9,18.2
2024-11-14,16.4,24.9,24.1,65.5,10.8
2024-11-15,5.2,5.8,23.6,55.3,13.1
2024-11-16,5.0,11.0,25.0,54.3,19.5
2024-11-17,16.4,16.7,23.6,55.8,6.0
2024-11-18,5.0,5.0,25.2,53.3,14.7
2024-11-19,7.3,9.1,24.7,58.5,6.1
2024-11-20,5.0,8.3,24.4,65.8,10.6
2024-11-21,5.0,10.1,23.3,59.2,17.1
2024-11-22,8.6,5.0,23.8,56.2,11.5
2024-11-23,5.0,5.3,25.7,55.8,20.0
2024-11-24,5.0,10.5,25.3,49.3,13.4
2024-11-25,15.1,14.3,23.1,61.4,9.8
2024-11-26,5.0,7.3,24.7,56.5,8.3
2024-11-27,6.3,5.0,25.6,55.9,10.3
2024-11-28,5.0,9.3,21.9,72.6,10.6
2024-11-29,8.3,12.3,25.2,58.0,6.0
2024-11-30,5.0,9.3,23.4,52.7,10.5
2024-12-01,5.0,10.5,25.2,54.2,12.0
2024-12-02,5.3,13.2,23.2,62.0,15.8
2024-12-03,5.6,5.0,21.6,56.7,14.9
2024-12-04,5.0,5.8,21.8,48.8,15.6
2024-12-05,11.5,15.2,24.3,60.5,5.1
2024-12-06,14.0,19.0,24.6,52.5,8.3
2024-12-07,5.0,6.0,22.8,65.1,14.9
2024-12-08,5.0,5.2,25.1,61.1,12.3
2024-12-09,7.1,6.2,21.7,53.4,5.1
2024-12-10,5.0,5.0,24.0,61.9,17.1
2024-12-11,5.0,5.0,22.3,55.8,16.6
2024-12-12,5.0,5.0,23.1,59.7,13.2
2024-12-13,6.2,6.5,24.2,57.8,6.0
2024-12-14,5.0,9.1,22.8,51.1,16.5
2024-12-15,5.0,9.1,23.5,52.0,13.8
2024-12-16,5.0,6.8,25.6,60.3,16.7
2024-12-17,5.0,6.8,23.2,53.5,16.3
2024-12-18,5.0,8.8,25.3,53.1,17.0
2024-12-19,5.0,5.0,22.3,50.3,12.8
2024-12-20,5.5,9.8,24.8,57.2,7.1
2024-12-21,5.0,11.9,26.2,65.4,15.1
2024-12-22,5.0,6.0,20.3,49.7,14.3
2024-12-23,5.0,7.0,22.8,55.1,16.1
2024-12-24,5.0,10.2,24.9,62.1,7.5
2024-12-25,5.0,6.2,23.7,54.6,7.9
2024-12-26,5.0,10.4,24.6,57.3,18.4
2024-12-27,5.0,8.0,23.1,49.7,16.2
2024-12-28,5.0,13.4,24.1,57.2,18.6
2024-12-29,5.0,9.7,23.8,54.1,16.4
2024-12-30,5.0,9.4,25.8,60.0,14.0
2024-12-31,5.0,9.7,24.4,61.0,14.8
2025-01-01,5.0,7.0,24.5,68.0,18.3
2025-01-02,5.0,6.3,23.4,58.0,13.7
2025-01-03,5.0,10.2,23.3,56.8,14.5
2025-01-04,7.3,9.1,23.4,56.2,7.3
2025-01-05,5.0,5.0,24.7,53.5,12.1
2025-01-06,5.0,13.8,23.4,57.0,15.7
2025-01-07,5.0,9.7,24.5,53.9,9.1
2025-01-08,5.0,6.7,27.2,56.2,8.0
2025-01-09,5.0,6.1,25.4,62.1,9.7
2025-01-10,5.0,7.3,23.7,50.5,8.6
2025-01-11,5.0,8.2,26.0,61.3,8.2
2025-01-12,5.0,5.0,23.6,62.3,11.4
2025-01-13,5.0,15.1,21.1,55.2,18.6
2025-01-14,5.0,5.2,22.7,45.2,12.6
2025-01-15,5.0,6.6,21.4,52.9,7.8
2025-01-16,5.0,6.3,23.7,62.5,6.2
2025-01-17,5.0,14.1,24.3,56.0,15.4
2025-01-18,5.0,6.9,26.8,51.2,10.7
2025-01-19,5.0,13.2,24.8,53.8,17.3
2025-01-20,5.0,9.2,24.1,60.6,14.9
2025-01-21,5.0,5.5,25.7,59.3,16.9
2025-01-22,5.0,7.2,21.1,55.5,9.1
2025-01-23,5.0,7.7,24.8,54.9,15.4
2025-01-24,5.0,5.0,25.7,54.9,9.0
2025-01-25,5.0,9.9,22.3,52.4,19.1
2025-01-26,5.0,8.0,26.3,65.2,14.5
2025-01-27,5.0,8.6,25.1,55.7,9.9
2025-01-28,5.0,7.4,24.0,63.5,9.0
2025-01-29,5.0,5.0,25.6,65.2,7.9
2025-01-30,5.0,10.4,28.1,62.7,15.4
2025-01-31,5.0,5.0,25.0,55.7,8.3
2025-02-01,5.0,5.0,25.2,60.0,13.9
2025-02-02,5.0,7.2,24.2,58.1,9.0
2025-02-03,5.0,6.3,23.6,53.8,14.9
2025-02-04,5.0,9.6,26.2,60.1,17.2
2025-02-05,5.0,14.3,23.7,52.8,16.7
2025-02-06,5.0,14.4,25.1,64.8,16.4
2025-02-07,5.0,6.1,24.4,56.7,7.8
2025-02-08,5.6,5.0,25.8,60.2,6.3
2025-02-09,5.0,9.9,25.7,60.8,15.5
2025-02-10,5.0,6.0,26.8,58.3,10.5
2025-02-11,5.0,8.5,24.5,62.7,11.5
2025-02-12,8.3,7.4,24.9,57.6,5.5
2025-02-13,5.0,7.5,23.9,64.5,8.9
2025-02-14,7.1,5.8,24.8,53.6,5.5
2025-02-15,5.0,12.2,26.0,61.2,18.2
2025-02-16,5.0,5.0,26.7,70.4,8.7
2025-02-17,5.0,9.7,24.2,55.9,13.4
2025-02-18,7.6,5.0,26.9,57.7,5.6
2025-02-19,5.0,10.3,27.7,63.9,15.0
2025-02-20,5.0,5.0,26.4,62.5,9.8
2025-02-21,5.0,9.5,28.6,63.5,18.5
2025-02-22,5.0,11.7,24.7,64.4,18.3
2025-02-23,9.4,10.8,24.1,65.4,9.9
2025-02-24,5.0,5.6,23.3,68.0,18.5
2025-02-25,5.0,10.5,28.3,64.7,19.9
2025-02-26,5.0,6.0,27.1,61.7,17.4
2025-02-27,5.0,7.3,26.1,66.5,17.7
2025-02-28,5.0,7.5,26.6,72.8,8.7
2025-03-01,5.0,11.8,24.6,62.9,13.7
2025-03-02,6.5,7.8,30.0,58.9,6.0
2025-03-03,14.0,15.3,26.6,69.6,6.4
2025-03-04,5.0,11.2,26.6,63.7,20.0
2025-03-05,15.8,18.0,27.6,53.7,9.9
2025-03-06,5.0,10.2,27.3,69.0,16.2
2025-03-07,5.0,11.7,27.0,62.3,17.1
2025-03-08,5.0,7.6,25.5,64.8,17.9
2025-03-09,5.0,5.0,27.5,67.1,20.0
2025-03-10,8.1,7.3,29.7,66.7,8.6
2025-03-11,12.8,17.6,28.9,69.5,5.6
2025-03-12,5.0,7.1,29.4,64.1,11.2
2025-03-13,14.9,15.2,26.3,69.0,7.0
2025-03-14,11.6,16.2,25.6,65.4,5.3
2025-03-15,8.6,10.4,27.0,70.7,10.4
2025-03-16,5.0,5.0,27.3,70.3,16.8
2025-03-17,5.0,5.0,29.0,62.8,13.5
2025-03-18,7.4,10.6,24.9,73.2,9.7
2025-03-19,5.0,7.8,29.8,65.3,14.8
2025-03-20,5.0,11.1,27.3,72.3,8.5
2025-03-21,16.0,14.8,27.0,70.4,5.2
2025-03-22,7.6,10.0,26.2,78.0,16.5
2025-03-23,5.0,5.2,25.3,67.9,14.4
2025-03-24,5.0,6.7,29.0,67.5,16.4
2025-03-25,11.8,7.3,28.0,69.5,5.6
2025-03-26,5.0,7.4,26.0,68.3,17.6
2025-03-27,5.4,8.1,26.1,74.1,14.3
2025-03-28,8.6,10.9,27.6,62.2,13.5
2025-03-29,9.4,18.7,30.7,65.3,14.4
2025-03-30,5.0,14.1,27.8,65.5,18.0
2025-03-31,5.0,5.5,26.0,75.8,13.8
2025-04-01,5.0,5.0,28.0,79.9,13.7
2025-04-02,9.7,13.4,28.0,71.1,19.9
2025-04-03,8.3,12.7,24.5,71.0,16.4
2025-04-04,17.5,17.2,28.5,72.5,11.6
2025-04-05,5.0,5.7,28.3,78.2,15.6
2025-04-06,14.3,21.2,29.7,68.0,10.8
2025-04-07,17.0,17.9,31.5,74.1,8.4
2025-04-08,8.7,13.5,30.5,78.0,14.0
2025-04-09,5.0,6.0,28.5,75.9,18.9
2025-04-10,17.4,21.1,27.3,74.6,18.9
2025-04-11,22.8,23.8,32.9,78.9,10.1
2025-04-12,13.9,14.4,29.2,60.6,12.9
2025-04-13,20.8,25.9,29.2,77.8,8.2
2025-04-14,7.5,7.4,29.2,71.4,19.9
2025-04-15,6.1,11.0,29.6,65.7,19.7
2025-04-16,23.5,25.4,29.1,77.7,14.7
2025-04-17,5.0,9.7,28.6,82.2,17.1
2025-04-18,13.3,15.4,28.7,74.9,15.7
2025-04-19,16.4,21.8,29.5,80.6,13.9
2025-04-20,30.8,29.2,28.8,84.1,5.8
2025-04-21,22.8,28.6,28.6,82.9,11.8
2025-04-22,7.5,10.5,29.9,84.7,15.1
2025-04-23,16.7,15.8,29.4,80.5,15.2
2025-04-24,21.2,25.4,32.1,77.4,10.6
2025-04-25,14.4,17.6,26.0,69.2,19.1
2025-04-26,27.7,24.0,31.6,76.2,7.5
2025-04-27,14.2,17.7,31.9,73.5,12.5
2025-04-28,15.8,21.9,27.0,88.8,15.4
2025-04-29,21.8,28.7,29.7,77.2,15.5
2025-04-30,23.6,25.4,29.7,79.0,14.7
2025-05-01,25.6,27.9,28.2,81.3,9.1
2025-05-02,25.5,27.1,29.2,79.0,7.3
2025-05-03,20.2,27.6,28.7,87.4,14.5
2025-05-04,26.5,26.8,33.1,76.1,14.0
2025-05-05,28.0,28.1,31.9,80.4,7.7
2025-05-06,17.1,17.7,32.5,75.9,15.6
2025-05-07,19.9,17.9,31.7,73.2,11.8
2025-05-08,16.1,19.8,29.0,76.9,15.0
2025-05-09,28.8,37.2,29.9,80.0,17.6
2025-05-10,34.2,35.1,31.5,78.2,7.5
2025-05-11,31.9,30.4,29.0,77.1,5.3
2025-05-12,21.8,25.7,31.9,73.7,16.7
2025-05-13,23.0,27.6,30.5,80.5,14.1
2025-05-14,31.3,33.9,30.4,73.6,15.5
2025-05-15,32.9,40.7,32.1,85.0,17.6
2025-05-16,21.5,22.5,31.7,81.8,17.0
2025-05-17,29.5,32.5,30.5,74.3,19.4
2025-05-18,28.8,32.3,32.9,80.2,13.0
2025-05-19,28.8,32.4,29.6,78.1,12.3
2025-05-20,38.2,40.6,32.1,83.7,11.0
2025-05-21,33.5,31.1,32.1,88.9,7.3
2025-05-22,31.9,41.7,30.8,73.0,13.6
2025-05-23,34.6,35.7,31.8,83.1,9.2
2025-05-24,18.0,22.0,29.5,81.8,18.8
2025-05-25,31.5,36.1,32.8,86.1,13.7
2025-05-26,27.7,28.6,31.2,84.0,13.9
2025-05-27,27.1,29.3,30.7,79.3,10.3
2025-05-28,35.3,34.5,33.1,81.6,5.8
2025-05-29,36.1,38.4,30.5,79.3,5.5
2025-05-30,38.5,40.0,29.5,88.8,11.4
2025-05-31,33.0,35.0,29.3,83.6,6.3
2025-06-01,27.5,27.1,32.5,93.1,14.1
2025-06-02,30.6,31.7,29.7,83.4,18.2
2025-06-03,23.4,22.9,34.3,80.3,18.2
2025-06-04,30.1,30.9,28.6,76.4,14.9
2025-06-05,30.9,24.8,34.3,75.0,8.2
2025-06-06,36.1,38.8,32.1,76.2,17.9
2025-06-07,29.1,31.2,31.6,85.5,18.3
2025-06-08,39.0,41.0,31.0,86.8,7.9
2025-06-09,38.4,41.8,32.4,76.5,16.1
2025-06-10,34.7,40.3,31.8,88.9,9.3
2025-06-11,31.5,42.7,33.5,82.1,17.0
2025-06-12,25.4,32.8,32.1,85.3,20.0
2025-06-13,36.5,36.2,32.1,92.7,5.5
2025-06-14,27.4,29.6,31.4,89.2,18.5
2025-06-15,33.6,39.1,31.8,83.4,14.3
2025-06-16,30.5,29.4,32.4,80.3,19.6
2025-06-17,40.8,42.3,29.4,74.1,12.0
2025-06-18,29.8,32.6,29.9,81.3,17.7
2025-06-19,45.2,48.2,33.1,83.8,5.9
2025-06-20,43.4,47.2,32.2,80.0,10.0
2025-06-21,41.6,40.6,31.7,84.3,6.0
2025-06-22,29.1,31.8,32.0,85.3,19.6
2025-06-23,35.8,40.6,32.5,83.9,17.3
2025-06-24,34.3,35.5,31.2,81.7,17.8
2025-06-25,35.2,42.6,30.8,85.8,19.1
2025-06-26,52.2,55.3,32.3,87.2,6.3
2025-06-27,42.0,44.7,30.5,79.5,10.8
2025-06-28,41.2,43.5,32.6,92.0,6.1
2025-06-29,39.1,39.4,29.4,84.5,8.2
2025-06-30,39.2,39.0,33.5,85.1,8.4
2025-07-01,33.0,34.2,32.7,88.5,12.0
2025-07-02,47.8,51.1,32.4,86.1,9.0
2025-07-03,33.7,35.6,33.4,89.7,6.5
2025-07-04,47.0,47.2,34.5,86.3,7.5
2025-07-05,41.0,44.7,33.5,81.8,7.2
2025-07-06,32.5,35.9,29.2,86.6,19.6
2025-07-07,34.0,35.2,30.0,79.0,16.4
2025-07-08,42.7,47.3,31.0,85.2,19.5
2025-07-09,42.0,41.3,31.9,84.5,11.6
2025-07-10,48.0,44.7,32.7,83.5,9.2
2025-07-11,44.3,47.7,30.8,83.9,17.0
2025-07-12,45.2,45.2,32.1,75.0,9.9
2025-07-13,38.1,39.3,30.7,81.6,9.5
2025-07-14,43.5,42.3,30.9,84.7,8.5
2025-07-15,42.2,47.2,29.7,85.0,6.9
2025-07-16,42.5,42.3,30.4,79.0,8.8
2025-07-17,42.2,43.0,29.7,90.4,10.3
2025-07-18,39.3,43.4,30.3,79.6,15.1
2025-07-19,48.4,45.5,33.3,88.7,5.9
2025-07-20,47.7,44.9,30.2,85.9,8.2
2025-07-21,37.6,42.1,35.6,80.4,17.1
2025-07-22,47.0,47.1,32.3,92.4,7.2
2025-07-23,41.3,40.7,31.9,77.4,10.1
2025-07-24,43.3,48.7,30.3,87.9,18.0
2025-07-25,42.4,41.4,32.6,88.2,7.3
2025-07-26,52.8,53.3,30.6,79.7,6.2
2025-07-27,33.6,33.3,31.6,89.9,12.3
2025-07-28,42.0,44.8,35.2,81.5,9.5
2025-07-29,38.8,45.5,31.2,84.1,13.5
2025-07-30,38.9,36.7,33.1,83.8,17.1
2025-07-31,49.9,51.7,30.2,81.7,7.1
2025-08-01,33.5,38.8,31.2,86.3,13.7
2025-08-02,35.0,36.3,33.9,86.0,12.6
2025-08-03,39.1,37.1,30.2,73.2,7.2
2025-08-04,45.3,49.5,33.9,88.3,14.4
2025-08-05,45.8,50.6,32.2,73.3,9.1
2025-08-06,34.9,40.0,30.2,86.6,12.3
2025-08-07,42.8,45.1,31.9,86.9,6.2
2025-08-08,47.3,50.0,32.4,75.6,11.9
2025-08-09,41.4,40.6,31.8,78.8,9.6
2025-08-10,35.1,41.2,28.5,75.2,17.3
2025-08-11,41.5,45.1,29.7,79.5,5.9
2025-08-12,35.8,34.7,30.4,78.8,11.3
2025-08-13,45.7,49.2,30.6,84.1,11.9
2025-08-14,44.5,49.7,31.6,86.5,15.9
2025-08-15,32.8,38.2,30.9,86.8,13.6
2025-08-16,44.5,47.2,28.6,76.8,15.0
2025-08-17,33.3,34.1,31.1,78.3,16.7
2025-08-18,37.9,40.0,31.4,70.8,17.9
2025-08-19,48.3,47.2,31.2,74.9,9.7
2025-08-20,36.7,39.2,32.0,83.6,13.1
2025-08-21,31.6,34.4,31.5,86.6,17.6
2025-08-22,36.7,47.1,30.9,72.2,19.8
2025-08-23,27.8,34.2,30.1,75.2,18.3
2025-08-24,44.8,49.8,27.6,77.8,10.6
2025-08-25,41.5,44.5,30.7,79.1,7.9
2025-08-26,34.7,36.1,30.3,73.4,12.3
2025-08-27,30.7,33.1,30.3,79.4,16.1
2025-08-28,30.0,31.9,28.0,74.6,12.4
2025-08-29,33.8,36.8,28.2,76.7,12.2
2025-08-30,30.4,35.1,31.3,79.3,17.6
2025-08-31,32.1,34.2,29.6,76.3,10.4
2025-09-01,31.2,33.9,30.6,73.9,17.9
2025-09-02,38.8,39.2,29.6,75.3,11.1
2025-09-03,36.0,33.8,29.5,75.2,9.9
2025-09-04,38.7,44.9,30.8,73.5,11.8
2025-09-05,27.3,37.2,28.6,73.8,16.4
2025-09-06,42.8,47.8,29.4,82.9,6.9
2025-09-07,37.7,35.6,28.5,77.4,7.9
2025-09-08,35.9,42.1,28.5,72.9,19.3
2025-09-09,48.8,53.4,28.6,77.6,7.6
2025-09-10,29.8,31.3,29.4,72.2,13.5
2025-09-11,28.8,33.0,28.3,79.5,13.7
2025-09-12,30.9,32.0,30.8,75.2,12.3
2025-09-13,33.2,40.7,27.5,72.6,14.7
2025-09-14,41.2,44.0,28.5,75.1,8.4
2025-09-15,28.1,28.0,28.0,64.8,13.3
2025-09-16,34.9,39.0,30.8,66.7,10.6
2025-09-17,28.5,34.7,28.9,66.2,14.9
2025-09-18,37.5,39.5,30.0,72.6,7.1
2025-09-19,35.7,39.8,26.2,80.3,13.6
2025-09-20,30.9,32.3,28.8,82.5,7.8
2025-09-21,23.1,21.5,29.6,74.3,9.2
2025-09-22,35.6,36.8,28.3,73.3,8.3
2025-09-23,28.9,32.1,29.8,61.6,7.7
2025-09-24,23.7,26.8,27.3,67.6,17.4
2025-09-25,34.6,38.8,30.1,66.1,9.3
2025-09-26,24.0,26.6,31.4,66.7,18.9
2025-09-27,20.8,23.8,27.3,68.7,19.5
2025-09-28,23.0,28.2,27.1,66.9,13.6
2025-09-29,16.9,19.0,29.9,59.1,7.1
2025-09-30,30.4,31.3,30.0,72.5,10.6
2025-10-01,21.1,27.6,26.8,63.2,17.0
2025-10-02,34.0,34.1,26.9,69.5,10.5
2025-10-03,30.5,29.6,27.0,78.4,6.3
2025-10-04,21.3,15.5,25.4,63.2,13.4
2025-10-05,26.3,28.2,26.0,54.8,17.7
2025-10-06,25.8,33.1,25.8,65.8,16.9
2025-10-07,25.3,20.6,26.0,72.5,7.6
2025-10-08,25.6,25.7,27.1,76.5,15.1
2025-10-09,23.4,26.4,27.4,60.3,8.3
2025-10-10,25.8,20.7,29.3,68.7,8.3
2025-10-11,20.0,22.1,25.4,63.7,18.1
2025-10-12,28.0,33.2,28.3,65.2,8.7
2025-10-13,25.3,33.2,26.5,78.7,8.9
2025-10-14,25.3,27.2,26.7,57.7,5.0
2025-10-15,20.7,21.5,27.7,66.3,18.1
2025-10-16,15.0,15.5,24.9,67.1,16.9
2025-10-17,14.1,17.4,27.1,69.9,14.4
2025-10-18,12.8,16.9,26.7,64.8,16.3
2025-10-19,31.9,38.9,27.1,65.6,7.3
2025-10-20,14.8,20.1,26.8,61.8,11.9
2025-10-21,25.5,27.8,30.0,64.9,10.3
2025-10-22,16.3,16.6,25.3,61.6,6.4
2025-10-23,18.9,30.4,25.4,66.2,12.3
2025-10-24,12.8,18.4,25.2,61.0,18.8
2025-10-25,29.2,28.3,25.2,64.5,5.6
2025-10-26,14.6,15.8,25.0,62.3,9.4
2025-10-27,13.2,12.2,27.7,67.8,8.1
2025-10-28,17.1,11.6,28.0,61.7,8.6
2025-10-29,18.5,23.1,24.9,52.9,18.6
2025-10-30,9.1,16.8,24.5,67.9,12.0
2025-10-31,5.0,5.0,26.4,56.8,12.0
2025-11-01,10.4,13.9,24.8,57.9,16.4
2025-11-02,21.7,21.1,26.5,57.9,7.3
2025-11-03,6.6,10.6,25.8,67.6,12.3
2025-11-04,17.9,19.7,23.2,49.8,11.4
2025-11-05,5.0,5.0,27.7,76.0,14.0
2025-11-06,5.0,6.1,28.1,65.4,20.0
2025-11-07,11.0,11.8,24.4,61.0,16.5
2025-11-08,5.5,11.8,24.7,59.5,11.0
2025-11-09,6.7,14.0,25.6,61.0,17.4
2025-11-10,19.2,19.8,25.7,62.0,7.6
2025-11-11,16.7,21.5,26.1,62.4,5.5
2025-11-12,8.4,9.5,28.1,61.8,8.1
2025-11-13,17.8,18.8,24.8,59.3,10.1
2025-11-14,11.2,13.9,23.8,57.7,12.7
2025-11-15,5.0,8.7,22.9,57.7,14.2
2025-11-16,6.7,8.8,23.8,57.4,18.7
2025-11-17,5.0,7.6,24.8,63.8,12.6
2025-11-18,7.2,12.0,27.5,61.0,12.5
2025-11-19,18.1,19.6,24.0,43.2,5.8
2025-11-20,8.3,9.5,25.1,61.0,5.5
2025-11-21,5.0,9.1,24.7,58.5,13.3
2025-11-22,13.4,17.7,26.4,57.3,11.6
2025-11-23,6.7,10.0,28.4,55.3,17.6
2025-11-24,7.5,7.6,23.8,62.8,7.4
2025-11-25,13.6,15.2,23.8,61.8,5.4
2025-11-26,5.0,5.0,26.1,53.0,11.7
2025-11-27,6.9,8.0,25.5,58.8,8.6
2025-11-28,8.3,5.0,27.2,51.8,5.7
2025-11-29,5.0,5.0,25.3,49.6,15.9
2025-11-30,9.3,5.1,23.8,53.3,6.7
2025-12-01,5.0,11.0,25.2,60.6,14.1
2025-12-02,5.0,6.9,26.0,61.0,9.2
2025-12-03,6.9,5.0,25.5,58.7,7.6
2025-12-04,11.6,15.2,25.0,59.6,10.7
2025-12-05,5.0,11.4,25.8,58.5,17.0
2025-12-06,5.0,8.7,26.0,52.6,10.9
2025-12-07,5.0,7.7,26.3,57.9,16.3
2025-12-08,5.0,7.1,25.2,59.7,6.9
2025-12-09,5.0,11.0,23.9,59.4,16.6
2025-12-10,6.7,7.0,24.4,61.5,8.6
2025-12-11,5.0,8.1,25.9,59.0,15.2
2025-12-12,5.0,6.9,22.9,57.2,13.5
2025-12-13,5.0,5.0,24.6,60.7,18.9
2025-12-14,5.0,9.9,23.5,55.2,10.8
2025-12-15,5.0,12.4,24.1,50.8,6.0
2025-12-16,5.1,5.0,26.0,54.4,5.3
2025-12-17,5.0,11.4,24.3,51.4,17.4
2025-12-18,5.0,5.0,24.1,51.7,12.9
2025-12-19,6.8,10.5,22.0,54.4,16.6
2025-12-20,7.3,13.5,25.1,51.1,8.5
2025-12-21,5.0,5.5,25.0,53.5,10.2
2025-12-22,5.3,6.4,27.3,45.6,5.5
2025-12-23,5.0,5.0,23.5,56.1,19.4
2025-12-24,5.0,6.0,24.3,55.0,15.0
2025-12-25,5.0,5.0,24.4,50.9,19.0
2025-12-26,5.0,8.1,26.4,58.3,9.0
2025-12-27,5.0,10.3,23.9,59.7,14.2
2025-12-28,5.0,7.4,24.4,47.0,15.2
2025-12-29,5.0,7.8,24.9,51.2,9.8
2025-12-30,5.0,7.6,24.3,51.2,17.7
2025-12-31,5.0,11.1,23.3,50.4,19.2
2026-01-01,5.0,9.0,24.3,59.2,18.3
2026-01-02,5.0,5.0,25.6,54.2,16.1
2026-01-03,5.0,9.7,22.5,53.8,9.2
2026-01-04,5.0,5.7,24.3,45.2,9.2
2026-01-05,5.0,5.1,23.0,58.4,19.5
2026-01-06,5.0,5.0,25.9,49.1,5.2
2026-01-07,5.0,5.0,21.8,55.6,15.7
2026-01-08,5.0,5.0,23.3,56.8,15.6
2026-01-09,5.0,8.3,24.7,62.3,14.3
2026-01-10,5.0,9.7,26.5,49.0,19.9
2026-01-11,8.0,10.9,24.1,40.5,9.7
2026-01-12,5.0,7.0,23.3,56.6,10.1
2026-01-13,5.0,5.0,27.0,64.8,6.2
2026-01-14,5.0,7.2,22.1,62.0,11.6
2026-01-15,5.0,5.5,20.9,57.0,8.9
2026-01-16,5.0,5.0,24.9,53.6,10.2
2026-01-17,5.0,6.2,23.5,60.1,17.5
2026-01-18,5.0,11.5,22.8,51.3,19.0
2026-01-19,5.0,11.3,25.4,58.7,7.8
2026-01-20,5.0,9.1,24.7,58.9,10.6
2026-01-21,5.0,13.4,23.6,61.8,18.9
2026-01-22,5.0,6.4,22.5,70.4,5.9
2026-01-23,5.0,11.5,25.8,58.7,6.4
2026-01-24,5.0,12.7,25.5,54.3,7.4
2026-01-25,5.0,5.0,24.4,56.9,13.9
2026-01-26,5.0,7.1,27.3,48.3,7.3
2026-01-27,5.0,9.2,23.0,53.8,19.5
2026-01-28,7.5,8.5,22.4,55.4,11.7
2026-01-29,5.0,9.0,23.6,54.9,12.5
2026-01-30,5.0,6.9,24.7,58.5,8.7
2026-01-31,5.0,5.2,25.1,53.8,12.1
2026-02-01,5.0,7.9,24.4,63.6,14.9
2026-02-02,5.0,11.9,25.4,58.2,16.3
2026-02-03,5.0,8.8,23.0,58.3,16.3
2026-02-04,5.0,9.6,27.1,56.9,13.7
2026-02-05,5.0,7.9,24.9,59.4,18.6
2026-02-06,5.0,9.8,26.7,63.0,17.3
2026-02-07,5.0,5.0,25.6,54.7,16.4
2026-02-08,5.0,5.0,25.8,55.9,5.8
2026-02-09,7.9,8.6,26.0,57.9,5.1
2026-02-10,5.0,5.0,25.9,52.8,8.2
2026-02-11,5.0,5.5,26.2,55.6,15.0
2026-02-12,5.0,8.2,27.3,57.5,11.2
2026-02-13,5.0,7.6,25.7,64.5,11.0
2026-02-14,5.0,11.1,26.5,61.6,18.3
2026-02-15,5.0,6.9,25.3,61.5,18.4
2026-02-16,5.0,8.9,27.7,65.0,18.6
2026-02-17,5.0,5.0,24.6,60.2,9.7
2026-02-18,5.0,10.2,28.3,63.1,15.4
2026-02-19,5.0,10.4,25.6,60.8,9.1
2026-02-20,5.0,8.0,23.6,62.9,7.9
2026-02-21,5.0,9.7,26.0,58.9,7.8
2026-02-22,5.0,7.1,24.8,49.8,10.1
2026-02-23,5.0,9.7,27.2,61.5,11.4
2026-02-24,5.0,8.7,25.0,69.5,17.5
2026-02-25,5.0,5.0,25.4,67.3,6.8
2026-02-26,5.0,8.9,23.3,67.7,16.0
2026-02-27,5.0,5.0,25.5,69.3,13.0
2026-02-28,13.1,22.0,22.6,63.8,9.3
2026-03-01,8.2,9.7,23.9,64.6,12.4
2026-03-02,5.0,8.8,27.5,60.7,9.5
2026-03-03,5.0,7.8,27.6,62.5,13.9
2026-03-04,5.0,5.0,27.1,67.4,11.5
2026-03-05,9.0,5.0,25.1,70.5,7.5
2026-03-06,6.0,9.6,26.5,64.1,6.7
2026-03-07,6.1,13.4,26.7,62.7,13.2
2026-03-08,8.3,9.8,25.0,65.2,18.5
2026-03-09,5.0,5.0,29.1,68.5,10.2
2026-03-10,5.0,7.2,28.2,58.5,16.0
2026-03-11,5.0,5.2,26.6,54.5,14.9
2026-03-12,5.0,6.8,27.0,63.5,19.0
2026-03-13,5.0,10.3,27.4,60.4,17.3
2026-03-14,5.0,7.5,24.1,64.2,13.5
2026-03-15,9.3,9.8,26.8,66.2,14.9
2026-03-16,5.0,10.5,26.2,65.0,18.5
2026-03-17,6.6,10.8,25.8,74.8,11.0
2026-03-18,5.0,6.0,27.0,69.4,9.9
2026-03-19,12.0,13.4,30.2,69.5,5.2
2026-03-20,5.3,10.4,28.5,71.4,17.4
2026-03-21,5.0,9.7,26.7,62.8,17.0
2026-03-22,5.9,7.3,28.5,74.0,6.6
2026-03-23,5.0,12.0,29.8,68.7,13.7
2026-03-24,14.7,18.8,29.2,72.6,12.0
2026-03-25,14.5,14.5,28.0,64.2,6.8
2026-03-26,7.4,10.0,27.0,62.0,19.7
2026-03-27,12.8,12.8,29.1,74.2,8.2
2026-03-28,18.0,21.0,28.7,72.2,6.0
2026-03-29,6.6,7.5,29.5,66.1,13.9
2026-03-30,5.0,6.9,29.2,66.5,16.1
2026-03-31,18.9,23.2,29.9,76.7,5.5
2026-04-01,14.7,18.3,27.6,65.4,14.9
2026-04-02,5.0,11.2,30.4,79.8,13.0
2026-04-03,13.5,17.2,28.8,67.4,6.5
2026-04-04,14.4,12.4,31.7,75.3,7.6
2026-04-05,19.4,21.8,27.6,70.7,13.5
2026-04-06,17.3,22.2,31.3,75.6,9.4
2026-04-07,5.0,5.1,29.1,70.2,19.1
2026-04-08,9.0,13.7,27.9,72.3,17.3
2026-04-09,6.5,10.3,28.2,73.6,19.8
2026-04-10,11.5,8.0,28.5,68.6,8.9
2026-04-11,7.8,12.1,29.7,77.6,19.5
2026-04-12,14.4,14.2,29.9,71.6,11.5
2026-04-13,15.3,13.8,28.3,73.2,10.2
2026-04-14,19.4,20.6,29.2,69.7,5.8
2026-04-15,30.0,25.4,32.5,62.1,5.8
2026-04-16,12.4,13.4,32.0,74.2,15.4
2026-04-17,16.3,26.4,30.1,87.4,11.9
2026-04-18,19.8,23.4,29.6,79.5,8.4
2026-04-19,13.7,13.9,29.7,75.7,14.2
2026-04-20,21.5,27.5,30.5,74.8,8.8
2026-04-21,17.8,17.6,28.2,76.4,13.7
2026-04-22,20.6,21.1,29.4,79.3,10.4
2026-04-23,11.6,11.7,27.3,70.9,17.4
2026-04-24,14.2,18.4,30.5,82.6,17.3
2026-04-25,23.8,30.3,30.9,80.8,12.2
2026-04-26,21.0,20.0,29.3,81.1,10.3
2026-04-27,23.1,19.0,32.4,79.9,10.4
2026-04-28,18.4,25.1,28.3,78.0,17.1
2026-04-29,25.5,32.1,28.0,81.5,9.9
2026-04-30,28.0,23.7,30.6,81.3,8.1
2026-05-01,26.7,29.4,31.9,76.8,6.3
2026-05-02,19.0,22.1,32.9,75.9,12.0
2026-05-03,17.3,17.4,29.7,79.5,12.2
2026-05-04,23.9,23.2,32.1,86.9,17.6
2026-05-05,31.9,36.5,30.4,73.2,8.3
2026-05-06,29.8,32.5,30.3,72.2,10.7
2026-05-07,25.1,29.3,31.9,80.6,17.1
2026-05-08,20.5,22.1,31.6,80.2,17.4
2026-05-09,23.8,23.5,28.3,81.0,10.8
2026-05-10,21.4,16.5,33.0,81.6,11.9
2026-05-11,23.4,24.6,32.9,79.4,9.5
2026-05-12,26.9,35.0,29.9,88.2,19.0
2026-05-13,30.0,28.7,31.5,72.9,6.8
2026-05-14,28.0,27.2,31.7,76.9,19.0
2026-05-15,24.8,29.1,31.4,80.7,15.3
2026-05-16,25.3,29.7,30.2,73.2,13.0
2026-05-17,28.8,28.2,30.1,80.7,5.5
2026-05-18,25.5,26.9,31.1,90.1,12.1
2026-05-19,37.5,40.5,32.9,82.0,11.1
2026-05-20,28.2,29.2,32.0,83.2,7.4
2026-05-21,39.4,45.3,30.7,75.9,14.8
2026-05-22,20.8,32.0,32.5,79.3,19.6
2026-05-23,33.9,31.5,27.1,80.6,13.4
2026-05-24,27.9,34.7,33.1,81.1,15.7
2026-05-25,34.3,35.9,28.8,89.2,6.0
2026-05-26,26.1,32.5,30.9,85.7,11.3
2026-05-27,36.7,40.2,29.8,77.5,6.7
2026-05-28,25.1,28.1,29.6,84.4,14.2
2026-05-29,18.8,24.9,33.3,85.8,19.1
2026-05-30,31.1,32.9,30.9,89.1,14.9
2026-05-31,34.4,33.3,32.1,91.4,6.2
2026-06-01,44.3,48.8,31.6,78.6,10.3
2026-06-02,38.7,38.9,32.4,79.7,13.3
2026-06-03,44.5,48.7,31.8,77.6,11.0
2026-06-04,27.2,30.8,29.8,82.8,17.5
2026-06-05,31.5,27.9,33.2,86.4,17.2
2026-06-06,20.2,21.3,31.0,89.1,14.2
2026-06-07,35.5,38.7,29.5,83.8,10.6
2026-06-08,39.2,39.8,31.2,82.7,8.8
2026-06-09,41.3,35.0,34.1,85.1,6.6
2026-06-10,38.1,44.2,33.1,80.3,10.3
2026-06-11,36.8,39.5,31.3,95.0,11.2
2026-06-12,21.8,26.2,31.4,76.5,15.1
2026-06-13,36.2,37.8,31.4,85.5,14.9
2026-06-14,43.7,46.5,35.0,94.8,6.1
2026-06-15,45.4,53.0,32.5,84.8,10.9
2026-06-16,43.4,42.7,32.6,83.8,7.7
2026-06-17,41.5,48.0,33.5,83.0,7.4
2026-06-18,39.8,44.4,32.3,84.0,17.4
2026-06-19,31.3,29.8,31.6,91.8,5.6
2026-06-20,38.0,46.9,31.7,73.9,11.3
2026-06-21,38.1,40.8,31.9,92.6,7.5
2026-06-22,34.9,40.5,31.9,77.8,18.2
2026-06-23,27.5,29.4,33.1,83.6,13.4
2026-06-24,49.3,48.6,32.1,82.8,8.5
2026-06-25,37.9,40.9,33.1,87.9,12.5
